Lei,BW4532OH033VURR0IT68
Lei,549300DH01K8F1NQFP75
Lei,549300OTLWFQPOOSC346
Lei,549300X11JNB0JHMVU53
Lei,549300FJJQEU69YCB928
Lei,5493004TJBNJYILYVL85
Lei,5493001LJ5K23D2IJU10
Lei,549300JWWQ0XKTIVIY10
Lei,5493006EW1E4OD5HYX89
Lei,549300N4G4MRES2N3I85
Lei,549300HH899II7Z21G52
Lei,549300Z8EUUJQJFFTO04
Lei,549300L8J54J8K167F34
Lei,5493005RL5INDUTROD85
Lei,549300465MKS092D5K02
Lei,549300G51T847KTJPJ43
Lei,529900ECAOHR0J9ETZ30
Lei,549300FTEWZ1TO9K3P76
Lei,549300ECR5YB256TKU26
Lei,549300NESMWDBOWCTM09
Lei,549300B32B241ITRQJ17
Lei,54930050T66C5SJYSD14
Lei,549300UQZLL4B7DDHD03
Lei,5493001SP13TNR6TUJ97
Lei,549300GQBZDOTLA08798
Lei,549300SMTCXX7HT87R33
Lei,2549008J3I495E70LU05
Lei,Z01RQ8BXBEV51Q8XKV43
Lei,549300YQ12YUKGXNZQ63
Lei,213800IWW1ISDO3LDY86
Lei,254900AOWONUFAG7ML54
Lei,0552JIREPRY5ZIETIM08
Lei,549300MK77IBUMJBI791
Lei,549300Q1ZEPUSMSJS393
Lei,549300N811S05INBTA15
Lei,549300XYMV9W4308FO60
Lei,5493000UDW3KCEVPCB51
Lei,254900TCSM63F59YSV04
Lei,549300BGA2FRV4OQQV27
Lei,549300RE72DSMYM4DI95
Lei,25490001TS9QRZRMM257
Lei,549300M5H35N041UVD77
Lei,549300O9WSP448D51N11
Lei,254900ZAZOOIKZG7L797
Lei,5493008RSN6F31BTGT93
Lei,254900RRSOULW0TC1270
Lei,5493006NC74GNO10VN77
Lei,549300OTSSHXIQBZEE74
Lei,549300W4P54VBH652D72
Lei,549300ZR7XRNXPPM8E29
Lei,5493000C8DKOORLGPQ23
Lei,SMP9U9WGOJKXHWZFGO65
Lei,549300MHGS3WZNRLUK77
Lei,54930075FPMRB4Y0UL67
Lei,549300NJ0QRBMS8MB225
Lei,549300PQJ6PENSZ8IQ81
Lei,64J3DVX4KDV2GS19IG52
Lei,549300XYCNS3JDVQXU89
Lei,5493000QND79TGB7BC94
Lei,5493004EUC0MKDHNF321
Lei,2549005IKBNCYJFKP605
Lei,549300SSKF5XXVR0MI53
Lei,549300EPBYC2D3OT0V35
Lei,529900LJ3ZRKEDU0CF57
Lei,54930002PP1OBF1UXP39
Lei,54930075M137NZXM4U20
Lei,213800DAGAT2GMIPHL60
Lei,549300ACX5KO3W14VI97
Lei,549300COQAW6TXDPBX43
Lei,254900M7XQAROOTTDL72
Lei,549300C0HKMK8W9NGL64
Lei,549300CM5JS4HTTMDW41
Lei,6A3JIQGY1H24GWRW7H68
Lei,549300S5TGODKH8OYZ57
Lei,5493008S9E54YU0UYJ34
Lei,5493000JZVB15GDXB304
Lei,549300EWKPKJRTELHQ79
Lei,549300D37RE2C54DGD62
Lei,549300URH6WSQOZ5HM50
Lei,549300KZ63AU1F34E762
Lei,549300NUME4K2XQPGO32
Lei,549300YB767YE8GUN345
Lei,549300F8MQ6L9MHT3318
Lei,549300CRGKV67DRSGT85
Lei,254900DON8SDKGYIL122
Lei,549300NWTE6LE3VJ1278
Lei,EJAWRQHYRQLCCBMTNO27
Lei,549300GTFTJ4O3V1Q509
Lei,5299001UYF7L66NG5049
Lei,529900WG4X75AUVN3764
Lei,549300EKIH56JNIUU741
Lei,25490067H7DRVKJPQD81
Lei,549300H7YPOJDJ7P8S34
Lei,549300DAMCNKOEKNFG26
Lei,54930094JJ7VOAZHVC12
Lei,5493007T3UG7VOYHTS41
Lei,549300MCSK1DP82TKO41
Lei,549300KJ8PAJ7E52HG32
Lei,54930023IB0ZKGVGDS85
Lei,549300GUL352V1HECJ51
Lei,5493009U8AN0Y2QJF936
Lei,549300CCK0BSN7EXHS55
Lei,549300M5QTW5LHSO4D35
Lei,54930061HIZ1MCMEOR72
Lei,549300RD0SS3HPUKXF62
Lei,549300YKNT5CQ4DVB845
Lei,549300NIN0QU4GMQKX59
Lei,54930000YJIXBPZ08755
Lei,254900RRV0GJBXFAMP42
Lei,549300JNTZTF40KCOF79
Lei,549300COBYN2GZCBIU87
Lei,549300J8Q975LYPG2D69
Lei,549300UVL4U9DC0V6J75
Lei,5493007T8GAD1VP05848
Lei,549300DUYCE3EH23AI50
Lei,549300CKTNCNYTL86X40
Lei,549300DFDDHF6VGKEC72
Lei,254900YJCQ391O8UQ071
Lei,549300PMBLRMAP9ZYV32
Lei,5493003F0ELO33ON0186
Lei,2549006DO4XJ7YBY0733
Lei,PBE06UMJ3YQ19JJS6K07
Lei,549300GQKQFK2TG7Q090
Lei,549300HUS4FD8WVK2V12
Lei,579100KKDBKJFDKKD024
Lei,579100KKDHKDFFKKB072
Lei,2549005JLIWQ6B7VNR38
Lei,529900G9Y66G3CPWQP23
Lei,549300MKPIRSJD8SB782
Lei,5493003N7447U18U5U53
Lei,579100KKDGKBFDKKG058
Lei,529900C9G66T1U8FMX69
Lei,549300OPSKKEXLSWG702
Lei,529900OJF9C0NUFNN613
Lei,25490030FM5K3Y46AN74
Lei,579100KKDKKHFCBKB005
Lei,579100KKDKKIFEBKK040
Lei,5299008H3AXIXV5G3C23
Lei,254900FY8R51KBIIVA82
Lei,254900HVCNDRV3V50O70
Lei,549300OJNHV3OX22E409
Lei,254900JU7TV6VS9GRW29
Lei,529900QG4KU23TEI2E46
Lei,549300DKPDN9M5S8GB14
Lei,5299002TRC7IFQYSW596
Lei,254900QNIK0CVURGML24
Lei,2138005T2FZP3AUV6X26
Lei,5299001LIFP42ALG9922
Lei,MSFSBD3QN1GSN7Q6C537
Lei,549300WFIN7T02UKDG08
Lei,529900IZASS9XRNLFD14
Lei,529900Q8I3Y1ZDRY9S40
Lei,549300UW8T183G6OFX87
Lei,254900KHH5GGEGUIZS22
Lei,529900ONRWOF42PYKU59
Lei,549300XJ73FVVFRFCR95
Lei,549300US8OE0UQWXPO82
Lei,549300B1U4UQHJV27C32
Lei,549300G2Q3P6ZVNC1465
Lei,549300BVOKRTHDIWVT46
Lei,549300HCQMH4UGDV3X85
Lei,549300K4W20BJH28F802
Lei,2549009N2Y1F4YNB0955
Lei,529900MVDT6BSPWKD554
Lei,254900SNPW6V9967CJ18
Lei,894500F2WMH8XN1GMP42
Lei,529900ZUK9S7KXJI3P48
Lei,5493002WRCYHUNAZCE19
Lei,5299009VNH8HN9897B71
Lei,Z5EDQXIVOKL5ERZUUD14
Lei,549300KN26ILGEGJM323
Lei,254900BLQ501DQ4IBO58
Lei,549300BY6ENFGJZRPF20
Lei,549300L09D57A4VEVO78
Lei,98450003FC85745AF196
Lei,529900G61CW8EFPNXZ12
Lei,549300DMIU34V8MCOL21
Lei,5493006KZJMJI8PQXA35
Lei,529900ZMMOVZQP5CME14
Lei,549300PYQIA9NE598013
Lei,529900UHS04J4O47PM14
Lei,213800WZ1MNQPOAKNU50
Lei,529900UL0GWQQ2L5YD54
Lei,549300Y55G24GJ2HR988
Lei,254900A4J0YJUMTP4770
Lei,213800HECUSIYXH3WN26
Lei,529900YC38HC06GRXA20
Lei,254900Y0SQG962QL6549
Lei,254900CCBELY442C2M10
Lei,52990098Y7ZDAOS75K52
Lei,2138008QU5PGK777XM59
Lei,9845002B786EB95BFC57
Lei,984500E914B742B57B71
Lei,5299004VJH3VCYLK6519
Lei,213800NSPXSASTENFQ34
Lei,2138004R9LU2RXG3O594
Lei,9845002BFEEAEAEBEE90
Lei,254900LC35EBEOSIV178
Lei,5299007KVK5TRDHL5V29
Lei,529900GRA638YUHDNU14
Lei,54930034RFI409JZ3179
Lei,9845000577CDA8B2C946
Lei,529900NFR8QFOLJGP577
Lei,5493005OS7G5RY15ND07
Lei,2617002KMPKM630FXD81
Lei,5493004KBBQB6QU18T56
Lei,549300OV1EXGL032Q465
Lei,549300UG314Z1PTXWP21
Lei,549300L56HUZUNMKUJ65
Lei,529900SPF8GDHU0H9831
Lei,213800G6YDVUTU9NEP37
Lei,5299004A6C3HAGMSF273
Lei,213800D1U752FGRUVP93
Lei,QNWEWQBS7HP85QHXQL92
Lei,5299000D93LTLU0UJR35
Lei,JHE42UYNWWTJB8YTTU19
Lei,529900ZEMEMO60M84471
Lei,261700ZXBROOT65KIC41
Lei,ZSN2LWNPYW6ISMRUC664
Lei,54930002QM8QVWM56E14
Lei,EN5TNI6CI43VEPAMHL14
Lei,529900177MOTTBWI5515
Lei,5299006MEE2BKFAIW011
Lei,213800E93OT1UVLP5R34
Lei,254900OFKP9ZQXBCHE19
Lei,529900N8CER810VB0L12
Lei,529900T4EL2A89FPP865
Lei,254900GPJQUGWJEAZ102
Lei,213800NCMUVXFYSKHH40
Lei,213800BV3FUPX2HE7V93
Lei,2138002VD9MW2WT8HR38
Lei,5299000SUVHQV28IMC77
Lei,5299004ZNIZ2QF37P491
Lei,549300UQM21UZW8DVW82
Lei,5493002YM7ZHVDMFC916
Lei,2549001WR6XSXNOD1F93
Lei,2549009EFNB4UGGM5E29
Lei,5299007J3O7ORL4FOV32
Lei,529900E2YER7JPV13S18
Lei,549300DN0M2XH7FFKS55
Lei,213800F9EQEDKGDKZM06
Lei,529900ZWLB16ZFZDXJ25
Lei,549300OPTPV7U3E65F87
Lei,529900AT8M70EH4LV872
Lei,213800XD82KFHYC3JU98
Lei,5299005PVFY46YFZIY75
Lei,549300SPU0QPSM4RQ162
Lei,529900TWDTDW761KGY70
Lei,213800QVJGB47FY5Z403
Lei,5299000VV1CZVF5K9C16
Lei,529900IJQ8H1FZFWOL42
Lei,5493004SQ5E5Q6VRT472
Lei,549300GW5BC2M7SUMZ32
Lei,549300OD5ZKXXJY7IP18
Lei,529900V0V82HCQTFVH78
Lei,549300RJ4VKI4144A227
Lei,529900660AWFGAOWFE74
Lei,549300AI67Q0KFOMZS46
Lei,529900ECSECK5ZDQTE14
Lei,2138001B6GB5GWN9MS46
Lei,254900BEE9QRFKKC2R77
Lei,213800I873YJPIBO2L33
Lei,984500014C955365D488
Lei,2549006OC9CFZ4SUOC06
Lei,254900ZO4XHCUIS9B744
Lei,5299007CJS9GXXDRS231
Lei,549300ALOPEEF7S9Y269
Lei,213800HL5A2K7LW2G360
Lei,529900X2VMAQT2PE0V24
Lei,52990004DGD39NG39H35
Lei,JOR7RJTXUXBRJ4UA5G70
Lei,5299007N8RQDP4IN4F31
Lei,254900SH49MQ8WY4NO45
Lei,549300Y9URD6W70K0360
Lei,529900Z7VUI0K0T7NE09
Lei,254900IAT7LQPBSKCM73
Lei,529900JYOG0H83J30278
Lei,261700S8S706L7OI6667
Lei,5493001OLLWY8KV5UC08
Lei,549300TOGR54OMW2T093
Lei,549300NQQ5L2NONWR862
Lei,254900XQZKUTY66Z3009
Lei,549300NEGJ5G23VCJM45
Lei,4ZHCHI4KYZG2WVRT8631
Lei,WZE1WSENV6JSZFK0JC28
Lei,21380017MT7FKV8FIU47
Lei,254900IBUA85N4FQ0497
Lei,261700TW5OWRLEFOCX59
Lei,5299005P968PATHZP480
Lei,213800JX3V4TPO7TCJ08
Lei,549300RYCQ8DMIO2J661
Lei,9845005A441FF3609098
Lei,5493005LTC0NGE7WVW08
Lei,529900R65IIVLPW4ZS42
Lei,PCTXNQGRJVR3OG33JG65
Lei,529900GGLJF0NFMNGC26
Lei,529900QULGAOMABA8E26
Lei,549300JZYUFVKN0L4E13
Lei,391200JKO71KQDOU3Q04
Lei,549300RF737LAOPTBE30
Lei,52990001DIVURT3JB972
Lei,3003001N0X825K830S22
Lei,529900DNWJCAE7G4AI95
Lei,529900OL6C5CY5P8BH38
Lei,549300QE1RU34T50MR69
Lei,254900QOF9A5FW2FHD67
Lei,529900KE1XEYLQ81ZL43
Lei,529900WCZ4I6ZO3RRP86
Lei,549300CBMSE8I9N3E232
Lei,52990094T9F7X0NC0X54
Lei,549300EZ47BD1QGN7338
Lei,549300JCSY6XG1L4WB90
Lei,2138003LIO6U7DEVTH50
Lei,529900NIO6Q6J5IXIB98
Lei,52990071SK6JMSC45748
Lei,5299000MEG1UHD1JER91
Lei,254900Z1BWS584OIKJ61
Lei,52990020MXOW5O9PYD20
Lei,529900M65BIM9RDPDF56
Lei,549300I8JHHI9754QP77
Lei,52990054L6XWT345FW20
Lei,9676000RNP7F5I617P02
Lei,5493009TD1CGVRZ27U11
Lei,549300KI0ELK4XZF5Q56
Lei,549300Y8E5TMSOLM7P64
Lei,5299000RK70B5O2M7077
Lei,549300SQ859FBKRKSI77
Lei,5493003D06RIWBKIKA27
Lei,529900OJPFZWR7KT3495
Lei,529900E9AQ9QUGJWJ449
Lei,5299008H6RJA1Q8JMF70
Lei,549300KLCHOLFEMSPR08
Lei,254900DZF83Q53ZPPP82
Lei,529900RB1V3FXQ9PPR34
Lei,2138009L7Y1SB2BV9W68
Lei,549300PFEWKNHRG25N08
Lei,549300Z31B2VGMEV1175
Lei,529900XNYGV6JJJ38J47
Lei,254900YODBY7EY7U4G44
Lei,52990045JUZVZ9QL3159
Lei,549300XUBCM70BRANN81
Lei,894500F32610KMDCA960
Lei,JCJ97HKOC1OJD02QFU16
Lei,25490065W4SN3LZMX216
Lei,213800OCCFUN67NEY278
Lei,52990056V4TL6R7XS905
Lei,5299007XFVQVLJE9JS63
Lei,254900MP8JONT590XY28
Lei,25490051O7MD1MUIND53
Lei,529900O3S715CU3F0342
Lei,5299001FNOVG8SEZ7B51
Lei,967600CZL4APL2TDJD79
Lei,984500FF63A961E0K787
Lei,2549005DZO8VGXM5QN07
Lei,5299009ALMYJ050HFG31
Lei,549300Y00F9KT5JNIE98
Lei,213800ZLEGQO7S9FNV29
Lei,549300G7J1PDUVOS6V52
Lei,52990082FJUNJNVSAJ30
Lei,52990069LIBX5WKD8S30
Lei,261700Y30XMDCWR50Z59
Lei,529900M8DPGJIUVFXR56
Lei,254900E44AIGW7KKNR98
Lei,529900QROGUQMJG7YM32
Lei,529900O0KKBXROIV8F88
Lei,529900PUED402GZ33553
Lei,213800HRE3FQJ6RK4H10
Lei,213800UFOWFOVK5IRL64
Lei,213800GNF7ORCZFL9976
Lei,54930048C64TZ22OX310
Lei,549300XJXSC2LNPPTB29
Lei,2549000PB9F7T41BCD86
Lei,549300RLHX8TNTREY180
Lei,529900JB4HC1VTRMD858
Lei,254900FSMKSISA8JKN38
Lei,529900TE2HO3OZKYKC27
Lei,549300OHQRG2HN8LZ793
Lei,261700EH54FYSTOM5P68
Lei,F8SB4JFBSYQFRQEH3Z21
Lei,2138006ZI78R8TVK1V54
Lei,213800FSBEPXHNIOUB98
Lei,2549005ZC5RXAOO7FH41
Lei,5299006IOOUPE3D4AY22
Lei,529900OF797Y6Q6LMF90
Lei,254900XFXCRYYZAX6M78
Lei,254900ZGOSTAYSKQ7N20
Lei,529900RWX36XS15C3020
Lei,5299001S9IIZ7Y6CKB92
Lei,5299006MN50OZJUJI655
Lei,549300209NEKXBC8QO27
Lei,5493003L32ZX9557ST85
Lei,529900Q5XXSXHRQERC81
Lei,529900BHEFXOXTTF1814
Lei,549300Q07MY7YLMBSR24
Lei,529900NIUGGGKB5VMO41
Lei,875500QRQML3D9PUD869
Lei,529900A5IPGY4VFL4E45
Lei,529900AEPON05AC76M56
Lei,2549007OT5DSH8T6W839
Lei,529900VEJFORCO6I4826
Lei,529900E7R7BIUNYBJS04
Lei,529900NS58XZRABUK813
Lei,5493004HI1PMBVJVC857
Lei,984500D1F50F3N467545
Lei,549300FYVH8CJ3RPWR37
Lei,984500E65B5A77006C71
Lei,25490044GUNE4S2E6K11
Lei,254900EY97OAX8NFLD75
Lei,254900DJEFGICBICBU73
Lei,8Q9PJD25OKTQT5FHUF40
Lei,5493002V8KT8152EEC87
Lei,52990027DG9I87NLGK24
Lei,2617008B8066W49BJZ94
Lei,984500B2AB7D13OA6F70
Lei,529900EO4LDRP0T6V445
Lei,5493004QW370QXNVPT35
Lei,5493008JNKHGY1NKKV81
Lei,254900SIZ6YCXZ796E23
Lei,529900KW60OV1UC78151
Lei,529900S3RCB1DP717330
Lei,529900NQYD1720WZYM66
Lei,529900XFNBTCIYK52250
Lei,549300Q5FMFDLP46SF83
Lei,529900C4YHWJ2XJ8A350
Lei,254900XMMH9FWXDV6D63
Lei,529900WW6OYX86LFDA80
Lei,254900DIW3F7OMWAO951
Lei,529900QNN4F54GP6MR75
Lei,5299001JB77CMDFZZG02
Lei,254900Y20RWSY3DNSW97
Lei,529900GCHWXH4NCTVX38
Lei,529900YYKY7FRC90M744
Lei,549300JQ5583E0CEKQ61
Lei,529900ONUNWDB4YUSJ46
Lei,254900BGNUI78EKEJY68
Lei,9845005K9BA65E7D9613
Lei,549300LT0ZUXCGI95197
Lei,529900C743CUJOB8U132
Lei,213800GV1G5Y7S167M22
Lei,5299008TF8KHQ8CIQG34
Lei,5299003TYANYI1Q81845
Lei,5299000J4C5HICXF0J71
Lei,529900NMGGZAKQ0JZU73
Lei,2549003GKGO95KFU9K81
Lei,261700ZCFL0J30FEAY97
Lei,529900XVBL825SSW9081
Lei,529900MM4WH0KSB3KW37
Lei,529900GPZIBXB4035K13
Lei,5299006TT6VUYGHKCM82
Lei,529900017SKWCWGSVH68
Lei,529900VK1JSOOG2WRD80
Lei,529900H31NX5KRKXB865
Lei,213800EHCGNYSCN9T108
Lei,529900B1W7D8DLEC7178
Lei,9845001DFBC82ATBAY88
Lei,213800XBLFMYEQENEZ77
Lei,8945004PZEJSSPTTV646
Lei,5299002I6A1UDK4NST70
Lei,213800XH9YUXBLYBD749
Lei,529900WWYR2SBJ91CS80
Lei,254900Z8QKPC6HNINN55
Lei,529900SGT9M1FJPXXI35
Lei,549300WX2VFK30J1H357
Lei,529900G0IT1EQMPW7H74
Lei,529900KBMMPYLBM10484
Lei,9845007E5A49T9CDD070
Lei,5299007YT51BCWZTYW93
Lei,21380045YWBE6L49P483
Lei,5299004P3ED1LV7QQV97
Lei,5493000DG2YMVCSJTN17
Lei,529900R75GRNQRIZ7P84
Lei,5299006K8W95PFJ2E602
Lei,984500F780I5365BB644
Lei,549300L4YMES7OO3GU14
Lei,529900RQT9EL5Y12LW50
Lei,549300M44UTJAP8J6B37
Lei,529900ODH8GSO1K7UP84
Lei,529900O2VBT5CL7EZT27
Lei,2549006TT54BG6TK3Y77
Lei,984500B1A12F4509IW83
Lei,7KW5LRH3I6FMWUBNKK59
Lei,5299003MG7UFQSIFH576
Lei,529900WKRQYUP8SVWM73
Lei,8945004MLCLGUXY8WE43
Lei,549300QBX122KF2JPI10
Lei,529900MBZK3SLWK8SJ55
Lei,529900WX3A0M4EX5IB93
Lei,5493001KMFMXZM1EU014
Lei,254900ZMQXTNJJIP4K51
Lei,213800NGCEHXF4NENJ33
Lei,549300G3O3VM7JRC7813
Lei,5299002Z2X3FIVWVWO11
Lei,21380041JUK8FWIRUW56
Lei,549300DQE3P3SGVOY419
Lei,21380064YZG4XMO4CW38
Lei,529900NXGW72S4HDR985
Lei,529900BZSP3BK7GYAO50
Lei,529900CWXEPJQVLTI812
Lei,254900SQ035N7AB62C07
Lei,5299003689LO8167IY49
Lei,5493003U7WMXGIEUEF14
Lei,529900WJZPXYOS2AU552
Lei,5299003P1FAL4U4Y9G52
Lei,213800VTLZ4UUDWRRS10
Lei,529900U2XDUMEH9PXH77
Lei,5299005E2EV9Q8298850
Lei,549300HDFKB3INPLV745
Lei,5299008N5CYXCI98G291
Lei,5299001LVEKDO6K0O468
Lei,5299000HMG20YI712A51
Lei,529900FL7FGTGTVII319
Lei,261700JDCORGI3NZ4G11
Lei,529900DKJY3C3IHJOD92
Lei,529900NCE058R0IWAS47
Lei,875500F8UGEHHD0DTM85
Lei,529900SPKHL951XMJC07
Lei,5493003TNX3SDX7K3L68
Lei,549300NZ6HGEFL9P5S11
Lei,529900DAH89L0RH2VO59
Lei,549300ZERON8OJWRR841
Lei,549300KLI56MIPTX0X66
Lei,261700NXO99APU8DIF47
Lei,213800YIESVXIX5C8C89
Lei,529900FA9G9T82C2LV25
Lei,529900TQXVV7AX9AQN83
Lei,213800T825YD27DSQV35
Lei,549300J4GJ6K0JZPI032
Lei,984500FA86M7CAE04245
Lei,254900U262Q41Y48SD04
Lei,2549003AMX9BL7CKBQ74
Lei,529900MHCBZ3VMOR5L14
Lei,529900D1FAXAP7MKQN34
Lei,529900ACCCAOHJ2V3169
Lei,5299004EMJ6VBCH2K897
Lei,549300E3OOFVCZZSI884
Lei,529900XKEK83ED8VZ312
Lei,6IPKUBVN8TFW56JNWG69
Lei,529900P8SMPYTYJY8H36
Lei,213800AKEDZ9BBYIRF62
Lei,529900VXILHR2CNBWD62
Lei,5299002Q40Q22N4FP788
Lei,549300BCQY1HKTHPC344
Lei,549300OYTXE8HSZSYH82
Lei,2549009LDZ8P9BR6OS87
Lei,529900KQT1MZNOEB4525
Lei,529900ZIDI5C9C9TTI91
Lei,529900MOX6JOKGFAYY28
Lei,5299009QSKLHNVV11065
Lei,549300CRHZ87FXHYWJ95
Lei,529900JPDZ0Z7YC6FS98
Lei,5493003S2MORCH0HEL95
Lei,5299007V1ACKFFX2P066
Lei,529900TPC8H040Y3ZQ65
Lei,549300QAZ8A74DEDXO80
Lei,5493005NY24ZG0QVS889
Lei,549300P8RISOZG2TZK35
Lei,2549005B6NE4LY5QL076
Lei,5493006UZJCW8B80RI82
Lei,529900SHEB5L5BM73726
Lei,984500PDED52K3CGCE32
Lei,254900UW2F3BKV6Z9V18
Lei,875500YEWBJIM91P9N12
Lei,213800S292RJZ97HRR83
Lei,254900FIRWP63EG0QM13
Lei,213800YFW5171TD69V35
Lei,2138009R3Y4TK4IZDW59
Lei,529900KOA7NX3J2DL230
Lei,5299004FJTHY3B0V6164
Lei,52990065EGEF8FEI8S51
Lei,529900D04RI02L5UK707
Lei,261700UAD5KVK8MV7J59
Lei,529900XGFTDNYW92LC86
Lei,549300X5WFW6USQQ9U26
Lei,529900W7IQX470H8MB36
Lei,529900Y79VDAFWK0CD72
Lei,529900OG6K4JKYVRWG11
Lei,2549002QX7PJFVYVUO05
Lei,254900WO0PDVL8V1PY78
Lei,529900W0WS96MODKXL22
Lei,5299002IV38JBAHRJD57
Lei,5493002Y0H6I917Z1N78
Lei,549300RZ3LBXHF3WXL97
Lei,549300T7CZ1RJUGVYR22
Lei,529900T05V1HE8HR1V74
Lei,984500CA5E1E539A7815
Lei,254900ZS2VP83B6L6Y30
Lei,529900IHIY0KW2Z3MF15
Lei,529900XV9111G3SMCP21
Lei,875500XQSV9MFXDDCD17
Lei,213800GUDFTSWEKL8329
Lei,5299008IXHWMQDOE1437
Lei,549300ZBMXXFYD22O513
Lei,549300FNE2XRVPZONV55
Lei,54930054ZDGKBCW3SM26
Lei,213800RXTZG7QHZSEA61
Lei,529900YOTHSP9JN1SA68
Lei,529900P1SN3GV8TH5097
Lei,549300YSJJSJMIHCLI52
Lei,5299007F5G84QKGZA382
Lei,529900WB6CB4JX3XON61
Lei,254900BCFW5QO5LW8F27
Lei,5493002X3NFH1HT6JE97
Lei,391200RT2MUFEO3RFW25
Lei,391200WQGHMVSSM7S642
Lei,549300D2FBW76FPUSG65
Lei,529900ZLCZUOOOGA0U95
Lei,529900TQJSJASG5XNA13
Lei,YLXNW6TI6QSK1H8H0N82
Lei,52990052C2OGM4GUQ525
Lei,213800HJWH96TDEMNY83
Lei,529900CZ90OPF8A87946
Lei,529900TEDC3HX1EX8110
Lei,2549003V2R4H8LSEY994
Lei,549300CEF7ZOFTEZ9Y16
Lei,529900IS9JK681HGAU64
Lei,8945008SPWUG5ZASFM17
Lei,213800ZYZHFUDQ784B24
Lei,529900O6JMM7XI8QXJ05
Lei,549300LZ01Q8WIYKAU93
Lei,529900X1J8H5IF0I4043
Lei,549300D88XW2GD6R0Y98
Lei,2138006SR6M416DVKM86
Lei,529900BK5Q7UUOVDTQ11
Lei,549300PTFWS21NJC2396
Lei,52990090XC9DIFE5XF88
Lei,529900SKUQ2HEJ9VR908
Lei,529900O7AXMGRT9J7W74
Lei,5299009OXXZHFU8BYE49
Lei,549300GTMW4DNIWH3044
Lei,529900LT0V2IEL7WZY56
Lei,254900DHRUGXZSLSNZ83
Lei,254900W31UGIMDQW3W98
Lei,529900PG7JIJ4TNV7616
Lei,213800U3LCURRSJS5R56
Lei,213800ZW52P23FVH1V47
Lei,549300CINLOZVWILYG87
Lei,254900NA5KMM37O1FU49
Lei,529900IH2B4GPSYLUR23
Lei,213800PS9M9X9X1UHE51
Lei,549300LNJJPZ2SU7A197
Lei,967600KYN37WRPFMJF27
Lei,5299008FNTQ0LDQ3UZ44
Lei,529900D4GED44N685S65
Lei,529900H6UQI16XACWC95
Lei,5493000F763YIOPZPK96
Lei,549300XDR86FY8OLGP97
Lei,549300ZTHFL1PL5FIH64
Lei,5299006D1UTVHE3LJN24
Lei,529900XMDEX650CZ7384
Lei,529900AYAT2TIC68VA49
Lei,54930046NXJLV1CZN080
Lei,529900W1WF88HMWN8U79
Lei,549300487GWW3BZDSX84
Lei,529900DFS53WR3RYQE61
Lei,549300D5C72CV6CIBS66
Lei,213800VKKDKUNZLCYL66
Lei,529900GIM8S1E8UCER31
Lei,254900NXGMD1P0TNBV71
Lei,529900QVU58IVMPRWJ98
Lei,529900J5ALF3JG921927
Lei,2138003ILL8P2E7ZIF22
Lei,894500CZAVZULLEHSE93
Lei,529900312PXZZYYLAE57
Lei,5299007WUSYL4G1GUB41
Lei,549300L2UZW76U0GK971
Lei,529900HYA65OC9BDLL11
Lei,549300VIRDEN0N4MJG59
Lei,5493004PU2BXUTPHVV34
Lei,254900PI7YMU4HH9AS51
Lei,894500F2LJDPNODPBL05
Lei,529900QJLHHOZ4O4TK40
Lei,529900SH4MFJZPSXXX46
Lei,549300YQZRM5WGHOOI85
Lei,529900JWKKH76KJIRP66
Lei,5493004QED4ZJ0IE5188
Lei,5299000TZU6TKW03L062
Lei,529900CG3H1HCSLBLX36
Lei,984500K9C8C8DZDC5883
Lei,5299007EMI7KP1XXT309
Lei,529900T6QD1K03ADSX77
Lei,52990050GHRKJKDBNL20
Lei,529900LSSXQBKFUWPG42
Lei,5299009A2CSKJBWWKY81
Lei,529900TR0K86WYPDQW04
Lei,529900YVKEVHDZ0FSL75
Lei,529900WC6SXV894XFW59
Lei,529900Y2VW4K733O5Q94
Lei,529900CEK61TVX3YA650
Lei,529900TPR1V7XXM1LN05
Lei,529900DDI4G62DIGXQ02
Lei,549300BQOBJ2BUGL2A75
Lei,529900A6YC3XCIFPE972
Lei,8945007X01QANTBNN571
Lei,529900FA0PPZUD6UJX07
Lei,5299003ICAPV07J0R180
Lei,529900OOW8ELHOXWZP82
Lei,5299003OJ63JPZGDLT05
Lei,529900IWRUBPP2VNQB05
Lei,529900J7OEDJVZM1GR56
Lei,529900TE34UXIKRE3H42
Lei,529900TI6PTGZWNU9X96
Lei,529900JOHLZA5944OY29
Lei,NS54DT27LJMDYN1YFP35
Lei,529900BI8NNEMW62ZV29
Lei,529900OVSOBJNXZACW81
Lei,549300JOFPGSYPWB7S96
Lei,529900PG9O7YFYX5UM88
Lei,529900ZAXBMQDIWPNB72
Lei,5299001QKV44IT3WPL26
Lei,549300FQ2ILBH7DJ6I45
Lei,529900AUL2XTLS3EM992
Lei,529900PD3SI453KAW989
Lei,5299001VQ61R4KR9VP20
Lei,5299001JPPT2QFTV5D76
Lei,5299006C0EVA5LAYOR30
Lei,V0VY22PV9D0HFTF8EI62
Lei,52990038OKF8UAD5LA12
Lei,529900DS2PAVS3K9RV51
Lei,5299008DN3MGGSLZ5F06
Lei,5299000DUMZ99SBBX121
Lei,D1HEB8VEU6D9M8ZUXG17
Lei,529900JX0W8E09F4CL30
Lei,549300B4PD512HN2UF91
Lei,5299008C2QPOJ9VW2O38
Lei,549300V62YJ9HTLRI486
Lei,529900VYY1MRNR59PN57
Lei,213800VZD8US6868TN42
Lei,529900CPC3UZMJ3DTN75
Lei,5299007ROMKFLFRKHL70
Lei,549300JCRU23I1THU176
Lei,529900HM9YCQHAU2QC84
Lei,529900CV1QXJQTYGXJ20
Lei,529900YMUQQY746EI103
Lei,5299002PSXXMVHB26433
Lei,529900784SFDP7DZ1X78
Lei,529900LMTI8YSE62EI88
Lei,529900JNA1MSNDLJVC46
Lei,984500869150F688CC78
Lei,529900BKFJBI0QRDJH63
Lei,52990098P2VYHR4GRT19
Lei,5299002NFQKOBT1E8569
Lei,5299005GYJLUHD7CPK85
Lei,529900YMWR0EJP31XD76
Lei,529900P4JZBFEVNEAE60
Lei,529900IFAV83BX8O1O91
Lei,529900EVOKN4LCCD9321
Lei,3912001MRZQFTGEBQG35
Lei,5299000T02ZLV12N4N79
Lei,529900KCNFQU5OJH7L33
Lei,529900ARBU9SBJFNX419
Lei,529900P94CV59UTL3L52
Lei,529900KUHO8CTEQVFA61
Lei,529900GKCP1B1RNA7E03
Lei,549300ZD9ED8GSG3JW36
Lei,529900LF28OUDBNQS254
Lei,ZYD50HD5BLUKX115L075
Lei,5299006UDSEJCTTEJS30
Lei,391200WHND7OZEFNNL77
Lei,5493000FHOCPRAERG577
Lei,FJDBAXYL0TCMGLPQ4563
Lei,529900O015GLGIMHV534
Lei,529900Z809LC9QNOR649
Lei,5299003ATVTQVPTW4735
Lei,RRUN0TCQ1K2JDV7MXO75
Lei,529900HGWNOHNJP3D185
Lei,529900ETI7480XT9MU29
Lei,5299002R0MEYGPW2YO04
Lei,52990064K6NWK0AR6838
Lei,529900DHHGNSNU167B06
Lei,529900B9P29R8W03IX88
Lei,529900VXIFBHO0SW2I31
Lei,529900VN62L73X2OJX85
Lei,5299001AMHDLKUM80611
Lei,529900MVUWACNUTK8467
Lei,213800OJ67K27RCO2J56
Lei,5299005DN3CDJ3B9Y135
Lei,529900UUANUJ60MNMX97
Lei,549300VZKC61IR5U8G96
Lei,5493001W31MVFKKLV295
Lei,529900Q7MMMN74IZ8412
Lei,529900UFBUTHQZ9LCE56
Lei,549300Q3SVMKOB8NBS80
Lei,549300289UWVLHMQVV09
Lei,213800A4MPQ69BJNWI51
Lei,9ZHRYM6F437SQJ6OUG95
Lei,391200211NN3KQESNY83
Lei,5299000OVRLMF858L016
Lei,529900IIODYNYAZ2ID26
Lei,558600FAUY6XHS2B0J49
Lei,213800JKYNTCU1Y7VO14
Lei,254900GQHS2CLLJUHP03
Lei,213800BAPPINC7OHL696
Lei,2138008UAVL7V3DTWA56
Lei,5299009RR0HTPV5X4982
Lei,549300S5Y3SCCQM7YP79
Lei,894500LRVO5AWZECNJ15
Lei,254900P2MFGCWLJRR250
Lei,213800NCSKH968YFDB88
Lei,213800J7TL6UAJD4PH05
Lei,254900JFAQK9O8U14E51
Lei,FLI3LAZGPQ82RIDEI291
Lei,549300D3GNWVMWZD7E21
Lei,549300MCPF5HTBF8ZR90
Lei,5493005E2GHATS0Z6J59
Lei,529900ZF4JWB2VGUIU50
Lei,549300ZIL1V7D7F3YH40
Lei,549300WSAOH6EKIHN557
Lei,549300R6YGQQ24P6WW72
Lei,5493006GUPIIWUHPXP78
Lei,549300U4O8B2TGA2EH40
Lei,5493000O0NZ1BCXO8K39
Lei,DVCTKZJG5QM5XGM4TR05
Lei,967600IRUFAXM1KSB351
Lei,549300DV5KJ23OKVTW34
Lei,5493004C0K34IFI67I03
Lei,549300TM914CSF6KI389
Lei,549300GAV4HKKFJA8W67
Lei,967600JL9T1R7DGD7X36
Lei,549300TLMDDUQR3DJ408
Lei,2138005SP78ELT822P61
Lei,5493009JO56JYH18BV48
Lei,5493004R70ROOK9XLT54
Lei,549300277IVH1EGY0S51
Lei,967600X8SP9C6F0BZ348
Lei,222100SSYTLOPX7JWG83
Lei,967600AZA7SL7RFOME66
Lei,5493007B54TC1ORIMM83
Lei,213800413RZM6IS8GM09
Lei,5493003VSSKT3BHJX740
Lei,549300NN3PC8KDD43S24
Lei,549300WY57JFM31LGE25
Lei,549300P56IO1E2M3NA59
Lei,549300EOHIZUJWKQ3G67
Lei,549300TRKRUFK2RRG779
Lei,5493007EPM2CHCSVQW04
Lei,CGYP50QBGGR6NCHTSN68
Lei,549300N17QCD827TII61
Lei,549300RKDRX166QXEE44
Lei,5493000GMVR38VUO5D39
Lei,5493006K5LQDD0GK1T60
Lei,529900PY79CWSUGVK810
Lei,5493003N7PPOYDZI1G90
Lei,549300DL001YAEQZA069
Lei,549300EO33NRZ1PZRW58
Lei,87550046DFFTFMVQXW16
Lei,5493006QKLIH7XVP2K64
Lei,JLS56RAMYQZECFUF2G44
Lei,549300THZX01IQK46T94
Lei,529900F3AIQECS8ZSV61
Lei,549300O9L3SV6PTZRG06
Lei,5493006G5O9JP185PU76
Lei,5299000CB1C55NETJX70
Lei,549300O15NQVIUZVYU98
Lei,549300R8K43AXHYP5M15
Lei,875500IO4X7OHCG5OY03
Lei,529900QWTBS422SFFK53
Lei,549300I1MGC0OK6W8828
Lei,875500AKIE41OQROKE49
Lei,529900UVBCD39GT3X913
Lei,529900UM10B3V374TA43
Lei,699400IRRCLCMX09JP04
Lei,549300QKJ78IY0IOV655
Lei,549300BEQWGXQBVYA835
Lei,549300MYB5KWX8BYMH02
Lei,2138008J191VLSGY5A09
Lei,5299009I3KNZ8TGB3Y16
Lei,549300DHWH3B77DXX358
Lei,213800FA3K4S56INQI67
Lei,549300U4XEIPPXHC2L05
Lei,2138007GUR4FWSN9NB79
Lei,549300LAA73C4KC2DV06
Lei,549300CWRXC5EP004533
Lei,5493008SR6XZECH6BN71
Lei,5493002PZS8YKKZMKX76
Lei,549300Y9TK7CJQ05LR53
Lei,549300SCGRU5KSJ80H78
Lei,5299003N2SCVNU16O909
Lei,T0YOOBZO4L6YAD6SAV65
Lei,391200EQLMHGFYNPLX16
Lei,529900EBSREZQ8SFQ888
Lei,549300UFHGFY5IOON989
Lei,549300XWEWS4ZCVFZ938
Lei,5493002RVRZ1S3CPUI26
Lei,549300MMVL80RTBP3O28
Lei,391200F8ARGD8DXLZO84
Lei,549300IJR5IGPMFOXE40
Lei,5493009ZXL084O0XJW64
Lei,549300FY5W1G7ZEF9D98
Lei,5493002HHHFTG6G3BG36
Lei,5493002BJQRO0S06F161
Lei,894500PLIMJ3V7WL0X37
Lei,549300FUQ3P2DK3PE871
Lei,54930021MGECKE8ZLG04
Lei,549300PQML6P84VDZR11
Lei,5493009LLUCOLP3YH507
Lei,549300A72QBMUI9EGB68
Lei,54930007UGXYFVEVLI55
Lei,969500M4VFBEWML37M33
Lei,54930096UUTCOUCQDU64
Lei,549300119MTIS5ZPZF26
Lei,967600EWRNJXMXH8PZ48
Lei,549300VWY8KVDFKLDM59
Lei,549300BPHBCHEODTG670
Lei,549300LD2NEVEYBEBI54
Lei,549300Y5J3DGM3DYYC11
Lei,549300QRPSGOJRPUFO80
Lei,549300D8P364LFKJWN88
Lei,549300GYMA1LFB0TDO84
Lei,549300J0AJACIPKLTD62
Lei,549300ZTYB9HDCOHS439
Lei,549300JTAJHL7MXIM284
Lei,549300XHGK09MEWMOL68
Lei,549300X72GEQB1X8K911
Lei,5493007JS0ZHJVBUWP18
Lei,5493005VCKLRODJ4J747
Lei,52990022QKF10DR3Q832
Lei,549300MEVEE709A1SM83
Lei,549300IHBDUTUNQJJB79
Lei,549300FLGHUKNZMHZN17
Lei,5493007CO5W5OBFG7L21
Lei,549300Y5WMGS9NMW8M24
Lei,549300MLN1S0JUZMDM36
Lei,549300WF4F59KPH23D87
Lei,529900LEMMBXNRX31N35
Lei,5493000VB1LNC3MESW25
Lei,54930090SCENRBKUJO67
Lei,549300Y08U4FHFW0YH66
Lei,549300RFN1RGQGRC9B35
Lei,549300J4TOLF0LFVG037
Lei,549300HWDYC5JXC85138
Lei,967600DULSDZGUQ3RU35
Lei,549300MEC0SUY04TKN70
Lei,549300ZBH35PGY3I7G84
Lei,87550098Z7ZMNSGYLG94
Lei,549300D80RYON74MEJ03
Lei,54930068RSC6OT68NE51
Lei,549300CJTKINEWMMRH19
Lei,549300UIMEEE5TIBYV82
Lei,549300KV0ZEHT2KVU152
Lei,5299007TSQVOLXOABA65
Lei,894500IBGP5F6JU2Y978
Lei,549300A71E0WHRLM0V11
Lei,5493006GOR72R0ZYBN98
Lei,549300Z8HFUNO2J04Z81
Lei,549300L4U0K02504EL77
Lei,549300S1MP1NFDIKT460
Lei,549300Q5C74EHCZOV179
Lei,549300PHFI20T3WJRO63
Lei,529900LE3D7EJW2JUV48
Lei,549300J3MG9F9B5FY646
Lei,213800YQ2JHZ6WV1PS06
Lei,529900EKGNL8HWTMTO81
Lei,529900DTKNXL0AXQFN28
Lei,549300PNK8AKY3OIKP58
Lei,9676003K8YSTRD16T588
Lei,549300E2X3MLXVVR4T40
Lei,549300LI66B1EUKRVH65
Lei,549300I4XZ0RR3ZOSZ55
Lei,254900RIBCDJSUFG1A11
Lei,549300UOBXCS79E82606
Lei,549300ZKLIF7RP6EH823
Lei,LSGM84136ACA92XCN876
Lei,213800X4QZIAVSA12860
Lei,529900CL44RDDZB2WV54
Lei,5493002UNUYXLHOWF752
Lei,549300IFUTS62LRRCU54
Lei,549300AXSN3LRJRB5P41
Lei,213800RSLE74B1NP4X17
Lei,54930060R8GMDFCYEZ34
Lei,549300RTD3AHI9YIBZ37
Lei,213800W4T8AMPKIPIU94
Lei,549300BBOQUJEPH87M14
Lei,52990071WX2UW1WNHC16
Lei,YHKQM2RIPKZYOZ6RVZ46
Lei,54930067ZPEG8H2PPN39
Lei,529900ZR5QI19AH4KZ07
Lei,213800QTAQOSSTNTPO15
Lei,2138002GRXY6KZ7K2925
Lei,549300RLYYPSB0C7RH77
Lei,549300HQH91CZG0OJL61
Lei,549300YX6HECG9XQCQ75
Lei,213800AMAL5QFXVUCN04
Lei,213800YZU7PD14MK8D40
Lei,5493004BCIKYU1YL3H63
Lei,25490010IISQ8WULOA05
Lei,2549001ZVMA0RHLTU649
Lei,VR7XX1125LKBOKARUL23
Lei,549300LQFWRX97FVH232
Lei,213800ZBDLZC9TO5W864
Lei,549300FD2UKBUN6EJK86
Lei,213800PGLNJEXN3FTB23
Lei,549300CTUU1RFXHQJE44
Lei,5493005L0BNJ31Z62722
Lei,254900E2YMXPCTXFQV64
Lei,549300RPMQUFGBB7EY44
Lei,9695006Q38EOU0AU3U18
Lei,5493002W2IVG62O3ZJ94
Lei,549300AFT8A3KIR1J753
Lei,5299007RXRC7NGOR6145
Lei,254900W703PXLDSEM056